id,name,state
9541,Mary Moss,Washington
5361,Shannon Guzman,Washington
6198,Kellie Green,Kentucky
5953,Benjamin Murray,Delaware
8167,Manuel Brown,Nebraska
6946,Ethan Rodriguez,Oregon
5525,Martin Rodriguez,Oklahoma
9959,Connor Shaw,Indiana
7296,Sierra Brown,West Virginia
3399,Nicole Thompson,Connecticut
3588,Molly Lynn,North Carolina
4268,Bailey May,Nevada
3676,Melissa Ramos,California
9495,Kimberly Johnson,Utah
1793,Nancy Gray,Illinois
4465,Aaron Rogers,Colorado
2356,Debra Long,Mississippi
3888,Patricia Hernandez,Utah
6211,Lisa Vaughn,New York
7178,Stephanie Lee,Illinois
9554,Jimmy Santiago,Minnesota
3869,Taylor Fuller,North Dakota
983,Scott Raymond,Ohio
7781,Colleen Combs,Illinois
5178,Steven Rodriguez Jr.,New York
5694,Dustin Tyler,Nebraska
1915,Robert Stewart,Georgia
2085,Gregory Wilson,Wisconsin
6954,Katrina Brooks,Illinois
5893,Brian Adams,Tennessee
804,Ricky Thompson,Wisconsin
3149,Robert Elliott,Idaho
2520,George Johnson,Mississippi
7345,Dennis Dominguez,South Carolina
3737,Nicole Huffman,Virginia
3640,Amanda Jefferson,Utah
3764,Heather Medina,Ohio
3900,Joseph Mccullough,Hawaii
7301,Mary Sherman,Ohio
1602,Brent Johnson,Arizona
9039,Susan Velez,Rhode Island
4448,Victoria Johnson,Maryland
5238,James Johnson,Maine
4889,Gabriel Hughes,Massachusetts
6268,Jack Ford,Alaska
4961,Sandra Collins,North Dakota
3484,Christina Leblanc,Wyoming
5617,Richard Evans,Georgia
2502,David Jimenez,Iowa
6499,Lawrence Garrett,Georgia
7636,James Collins,New Mexico
4065,Justin Petersen,New Mexico
3036,Melanie Petersen,New Jersey
841,Glenn Myers,Indiana
5090,Brandon Romero,Kansas
5056,Casey Bennett,Iowa
4960,Angel Kelley,Ohio
2832,Debra Bowen,Iowa
2256,John Davis,North Dakota
8730,Patrick Anderson,New Mexico
7953,Tonya Smith,Utah
2189,Charlene Robertson,Montana
4530,Ebony Pratt,New Jersey
4120,Jesse Horn,Ohio
8932,Dr. Kelly Thompson PhD,Ohio
621,Joan Schultz,Wisconsin
4256,Vanessa Carroll,Iowa
8829,David Chambers DDS,Alabama
2436,Justin Campbell,Florida
4246,Brandon Benitez,Indiana
9969,Meghan Curtis,Colorado
6271,Kyle Barnes,Idaho
3810,Michael Clark,Florida
7208,Daniel Smith,South Dakota
8032,Jennifer Matthews,Ohio
1444,Raymond Mcdowell,Alaska
9337,Marie Roberts,New York
3184,Heidi Wagner,Alabama
3142,Kara Nichols,Louisiana
4282,Jenna Smith,Wisconsin
8614,Angie Johnson,Hawaii
8072,Robert Clark,Michigan
4867,Mr. David Irwin Jr.,Alabama
1330,Kayla Freeman,Iowa
6489,Adam Gould,North Dakota
679,Beverly Bell,New Jersey
3799,Danny Vargas,North Dakota
7279,Dennis Moreno,West Virginia
8194,Hannah Becker,Alabama
6696,Lisa Garcia,North Dakota
8928,Erin Hernandez,Wyoming
1942,Phillip Boyd,Illinois
811,Candace Green,Massachusetts
1944,Ethan Barton,Wisconsin
7771,Bryan Lara,Michigan
7059,George Stewart,Wyoming
6201,Alyssa Hernandez,Florida
1535,Kathleen Smith,Arizona
3168,William Hurst,South Dakota
5129,William Warren,Wyoming
