id,name,menu,state
4273,"Cooke, Gutierrez and Castillo",again,Mississippi
3990,Morris and Sons,safe,New Jersey
8077,Lopez Inc,movement,Texas
3477,Mills and Sons,believe,New York
672,Cruz LLC,color,Iowa
4460,"Randall, Hill and Richards",answer,Vermont
9768,Stone PLC,walk,Nebraska
9236,"Perez, Scott and Schwartz",miss,Wisconsin
4514,Nunez-Conley,add,Minnesota
794,"Holland, Ross and Casey",make,Vermont
3693,Dunn Group,country,Maryland
7516,Castillo-Hughes,fish,Maryland
7102,Bartlett-Clay,program,Connecticut
9122,Yang-Collins,the,Mississippi
3713,Hansen and Sons,stand,Iowa
9356,Figueroa Group,heart,Idaho
3513,Green Ltd,speech,Washington
91,"Juarez, Williams and Smith",send,Ohio
4384,Bates-Collins,sea,Missouri
1829,Wolf Group,themselves,Missouri
7921,"Rivas, Medina and Shields",class,Michigan
9196,Brown-Clark,former,California
684,"Brown, Martinez and Torres",into,South Dakota
2953,Kelly-Mclaughlin,into,Virginia
9367,"Gutierrez, Johnson and Miller",purpose,Hawaii
2813,"Boyd, Brown and Davila",child,Missouri
2848,Smith PLC,follow,Texas
8488,Stephens Group,would,New York
8075,"Cabrera, Salazar and Johnson",kind,North Dakota
7909,"Gomez, Bowman and Weaver",less,Maryland
8594,Molina PLC,partner,Maryland
5417,"Davis, Glover and James",peace,Oklahoma
8578,Mcdaniel Group,certain,Colorado
1768,Hensley Group,fine,Rhode Island
2913,Jones-Smith,decide,Maine
6237,Hayes Group,else,Rhode Island
412,Flores LLC,lead,Mississippi
7122,Davila Group,degree,Virginia
7817,Johnson LLC,others,Alaska
3409,Meyer and Sons,spring,Georgia
604,Floyd Ltd,term,West Virginia
8115,Barber-Nguyen,member,North Dakota
260,Mayer Inc,court,New Hampshire
9641,Smith Inc,me,New York
6763,Morris Inc,week,Missouri
4198,Rowland-Yates,baby,Louisiana
7802,Lyons-Foster,cause,Kansas
4708,"Crosby, Anderson and Wood",stuff,Maryland
1015,"Oliver, Brown and Gill",world,Idaho
2406,Ford LLC,again,Texas
8195,"Kline, Jackson and White",later,Kansas
7518,Martinez-Logan,sound,Arkansas
2518,Mcdonald PLC,way,Wisconsin
4924,Mason-Barry,only,New Mexico
2884,Johnson Group,natural,Oklahoma
1766,Glover-Hamilton,similar,Wisconsin
537,Greene Inc,realize,South Dakota
6467,"Burns, Gibson and Roman",behavior,Pennsylvania
2205,Villegas Group,special,Alaska
5177,Hernandez-Chan,long,North Carolina
3492,"Jackson, Andrews and Johnson",return,Oregon
6568,Ingram-Perry,industry,Nevada
45,Baker PLC,fine,Alaska
5550,"Fields, Montgomery and Moore",listen,Utah
4257,Barrett-Jackson,should,Michigan
4970,"Allen, Schmidt and Roberts",drop,Nevada
413,Bartlett-Hernandez,bank,New York
4740,"Lawson, Hall and Tyler",never,Montana
5847,Alvarez PLC,of,Utah
4377,Smith-Best,decision,Connecticut
6878,Gardner Inc,send,Indiana
5203,Hicks-Smith,significant,Arkansas
554,Garcia-Rodgers,full,Massachusetts
7372,Williams-Harris,place,Illinois
5757,Richardson-Powell,management,Alaska
5872,Johnson-Miller,senior,Nevada
2076,Skinner and Sons,top,Washington
3690,Lewis and Sons,wall,Rhode Island
4417,"Morrison, Farmer and Ray",heart,New Mexico
3133,James-Cantrell,open,Oregon
8211,"Buck, Kirk and Wilson",evidence,New York
8316,Hunter-Davis,light,South Carolina
5433,Matthews-Flynn,build,Delaware
5736,Leon Ltd,around,Ohio
2164,Zimmerman-Clark,night,Montana
5663,"Hudson, Campbell and Garcia",meet,North Carolina
4168,"Jones, Stevens and Porter",off,Alaska
4340,Burns-Mckay,development,Nebraska
2317,"Cruz, Knight and Todd",want,Maine
6551,Baker-Moore,cultural,Oregon
1203,Collins and Sons,school,Virginia
3964,Wagner Ltd,anyone,Florida
8273,Brown LLC,learn,Oregon
4409,"Lee, Smith and Dixon",section,California
3320,Warren PLC,inside,Tennessee
5498,Mcknight-Ward,call,Kentucky
7335,"Roberts, Mitchell and Velasquez",he,Hawaii
8404,"White, Reeves and Lopez",gas,West Virginia
5765,Gonzalez-Norris,guess,Missouri
1120,Wright Ltd,million,Maryland
